session_id,window_id,timestamp_trigger,timestamp_order_sent,timestamp_confirmed,side,strike_price,hl_price_at_trigger,gap_value,gap_threshold_used,atr_regime,cvd_60s,cvd_threshold_used,cvd_threshold_pct,velocity,entry_odds,odds_in_sweet_spot,spread_pct,expected_odds,mispricing_delta,slippage_delta,slippage_threshold_used,blockchain_latency_ms,shares_bought,cost_usdc,result,resolution_price,payout_usdc,pnl_usdc,claim_method,claim_timestamp,mode,bot_version
SES-1776805059,btc-updown-5m-1776816000,2026-04-22 00:01:00.433868+00:00,2026-04-22 00:01:00.433946+00:00,2026-04-22 00:01:00.433955+00:00,UP,0.01,76303.5,-58.36008152000432,15.0,NORM,-445595.2779699884,143316.88409250393,0.0,0.0,0.01,True,0.0,0.01,0.0,0.0,0.0,0,2.0,0.02,PAPER_FILL,0.0,0.0,0.0,0.0,,HEDGE_UP,2.3
SES-1776805059,btc-updown-5m-1776816000,2026-04-22 00:01:28.772944+00:00,2026-04-22 00:01:28.772965+00:00,2026-04-22 00:01:28.772970+00:00,DOWN,0.01,76297.5,-64.36008152000431,15.0,NORM,274855.0617500118,123255.67469050392,0.0,8.0,0.01,True,0.0,0.01,0.0,0.0,0.0,0,2.0,0.02,PAPER_FILL,0.0,0.0,0.0,0.0,,HEDGE_DOWN,2.3
SES-1776805059,btc-updown-5m-1776816300,2026-04-22 00:06:00.143413+00:00,2026-04-22 00:06:00.143495+00:00,2026-04-22 00:06:00.143513+00:00,UP,0.27,76342.0,-74.02964048000285,15.0,NORM,1943388.9901900128,104389.24479050392,0.0,-2.0,0.27,True,0.0,0.27,0.0,0.0,0.0,0,2.0,0.54,PAPER_FILL,0.0,0.0,0.0,0.0,,HEDGE_UP,2.3
SES-1776805059,btc-updown-5m-1776816300,2026-04-22 00:06:02.554911+00:00,2026-04-22 00:06:02.554941+00:00,2026-04-22 00:06:02.554949+00:00,DOWN,0.27,76342.0,-74.02964048000285,15.0,NORM,1941018.8973400127,104103.53877200391,0.0,0.5,0.27,True,0.0,0.27,0.0,0.0,0.0,0,2.0,0.54,PAPER_FILL,0.0,0.0,0.0,0.0,,HEDGE_DOWN,2.3
SES-1776805059,btc-updown-5m-1776816600,2026-04-22 00:11:00.491108+00:00,2026-04-22 00:11:00.491175+00:00,2026-04-22 00:11:00.491183+00:00,UP,0.001,76294.5,-77.98484000000462,15.0,NORM,-2333437.7500899974,133452.52110950355,0.0,0.0,0.001,True,0.0,0.001,0.0,0.0,0.0,0,2.0,0.002,PAPER_FILL,0.0,0.0,0.0,0.0,,HEDGE_UP,2.3
SES-1776805059,btc-updown-5m-1776816600,2026-04-22 00:11:33.649628+00:00,2026-04-22 00:11:33.649686+00:00,2026-04-22 00:11:33.649705+00:00,DOWN,0.001,76318.5,-29.73692331000348,15.0,NORM,-1045605.8262799968,76750.88596000358,0.0,1.0,0.001,True,0.0,0.001,0.0,0.0,0.0,0,2.0,0.002,PAPER_FILL,0.0,0.0,0.0,0.0,,HEDGE_DOWN,2.3
SES-1776805059,btc-updown-5m-1776816900,2026-04-22 00:16:00.049542+00:00,2026-04-22 00:16:00.049613+00:00,2026-04-22 00:16:00.049623+00:00,UP,0.4,76359.5,-55.10000000000582,15.0,NORM,626168.7352200038,75703.90479000355,0.0,3.5,0.4,True,0.0,0.4,0.0,0.0,0.0,0,2.0,0.8,PAPER_FILL,0.0,0.0,0.0,0.0,,HEDGE_UP,2.3
SES-1776805059,btc-updown-5m-1776816900,2026-04-22 00:16:06.081255+00:00,2026-04-22 00:16:06.081287+00:00,2026-04-22 00:16:06.081295+00:00,DOWN,0.31,76331.5,-83.10000000000582,15.0,NORM,-154162.4329099963,38012.60139050356,0.0,0.5,0.31,True,0.0,0.31,0.0,0.0,0.0,0,2.0,0.62,PAPER_FILL,0.0,0.0,0.0,0.0,,HEDGE_DOWN,2.3
SES-1776805059,btc-updown-5m-1776817200,2026-04-22 00:21:00.376188+00:00,2026-04-22 00:21:00.376241+00:00,2026-04-22 00:21:00.376246+00:00,DOWN,0.01,76392.0,-14.629531219994533,15.0,NORM,4164181.5925199976,260241.1722080036,0.0,0.5,0.01,True,0.0,0.01,0.0,0.0,0.0,0,2.0,0.02,PAPER_FILL,0.0,0.0,0.0,0.0,,HEDGE_DOWN,2.3
SES-1776805059,btc-updown-5m-1776817200,2026-04-22 00:21:22.708730+00:00,2026-04-22 00:21:22.708759+00:00,2026-04-22 00:21:22.708763+00:00,UP,0.01,76376.0,-65.85000000000582,15.0,NORM,2179145.2916399995,134011.2198190037,0.0,0.5,0.01,True,0.0,0.01,0.0,0.0,0.0,0,2.0,0.02,PAPER_FILL,0.0,0.0,0.0,0.0,,HEDGE_UP,2.3
SES-1776805059,btc-updown-5m-1776817500,2026-04-22 00:26:00.140757+00:00,2026-04-22 00:26:00.140802+00:00,2026-04-22 00:26:00.140807+00:00,DOWN,0.3,76235.5,-44.73233165999409,15.0,NORM,-5285985.851919993,285161.3224620034,0.0,0.0,0.3,True,0.0,0.3,0.0,0.0,0.0,0,2.0,0.6,PAPER_FILL,0.0,0.0,0.0,0.0,,HEDGE_DOWN,2.3
SES-1776805059,btc-updown-5m-1776817500,2026-04-22 00:26:01.345771+00:00,2026-04-22 00:26:01.345803+00:00,2026-04-22 00:26:01.345812+00:00,UP,0.34,76235.0,-45.23233165999409,15.0,NORM,-5352978.861869993,288510.97295950336,0.0,-0.5,0.34,True,0.0,0.34,0.0,0.0,0.0,0,2.0,0.68,PAPER_FILL,0.0,0.0,0.0,0.0,,HEDGE_UP,2.3
SES-1776805059,btc-updown-5m-1776817800,2026-04-22 00:31:00.261368+00:00,2026-04-22 00:31:00.261412+00:00,2026-04-22 00:31:00.261417+00:00,UP,0.01,76244.5,-69.27043000000413,15.0,NORM,102238.5851700002,60681.64149950338,0.0,0.0,0.01,True,0.0,0.01,0.0,0.0,0.0,0,2.0,0.02,PAPER_FILL,0.0,0.0,0.0,0.0,,HEDGE_UP,2.3
SES-1776805059,btc-updown-5m-1776818100,2026-04-22 00:36:04.793332+00:00,2026-04-22 00:36:04.793486+00:00,2026-04-22 00:36:04.793503+00:00,UP,0.4,76222.0,-57.086336049993406,15.0,NORM,-2691366.685080003,153689.1403920035,0.0,7.0,0.4,True,0.0,0.4,0.0,0.0,0.0,0,2.0,0.8,PAPER_FILL,0.0,0.0,0.0,0.0,,HEDGE_UP,2.3
SES-1776805059,btc-updown-5m-1776818100,2026-04-22 00:36:07.201564+00:00,2026-04-22 00:36:07.201596+00:00,2026-04-22 00:36:07.201603+00:00,DOWN,0.39,76222.5,-56.586336049993406,15.0,NORM,-2018452.1521400036,110463.01241700356,0.0,0.0,0.39,True,0.0,0.39,0.0,0.0,0.0,0,2.0,0.78,PAPER_FILL,0.0,0.0,0.0,0.0,,HEDGE_DOWN,2.3
SES-1776805059,btc-updown-5m-1776818400,2026-04-22 00:41:00.240274+00:00,2026-04-22 00:41:00.240334+00:00,2026-04-22 00:41:00.240345+00:00,UP,0.01,76314.5,-59.41599999999744,15.0,NORM,306731.6191200163,81873.13780200403,0.0,-5.5,0.01,True,0.0,0.01,0.0,0.0,0.0,0,2.0,0.02,PAPER_FILL,0.0,0.0,0.0,0.0,,HEDGE_UP,2.3
SES-1776805059,btc-updown-5m-1776818400,2026-04-22 00:41:34.576930+00:00,2026-04-22 00:41:34.577008+00:00,2026-04-22 00:41:34.577017+00:00,DOWN,0.01,76277.5,-63.80363373,15.0,NORM,-567765.2078699834,29675.069677503943,0.0,-0.5,0.01,True,0.0,0.01,0.0,0.0,0.0,0,2.0,0.02,PAPER_FILL,0.0,0.0,0.0,0.0,,HEDGE_DOWN,2.3
SES-1776805059,btc-updown-5m-1776818700,2026-04-22 00:46:00.539482+00:00,2026-04-22 00:46:00.539580+00:00,2026-04-22 00:46:00.539595+00:00,UP,0.35,76333.5,-41.30447579000611,15.0,NORM,-185652.98316998177,34677.57236750398,0.0,0.5,0.35,True,0.0,0.35,0.0,0.0,0.0,0,2.0,0.7,PAPER_FILL,0.0,0.0,0.0,0.0,,HEDGE_UP,2.3
SES-1776805059,btc-updown-5m-1776818700,2026-04-22 00:46:11.384467+00:00,2026-04-22 00:46:11.384487+00:00,2026-04-22 00:46:11.384493+00:00,DOWN,0.38,76298.5,-76.30447579000611,15.0,NORM,-230653.94079998185,31363.49386300397,0.0,0.0,0.38,True,0.0,0.38,0.0,0.0,0.0,0,2.0,0.76,PAPER_FILL,0.0,0.0,0.0,0.0,,HEDGE_DOWN,2.3
SES-1776805059,btc-updown-5m-1776819000,2026-04-22 00:51:00.285470+00:00,2026-04-22 00:51:00.285554+00:00,2026-04-22 00:51:00.285568+00:00,UP,0.01,76220.5,-54.070000000006985,15.0,NORM,-986255.8020299772,50657.89945450389,0.0,0.0,0.01,True,0.0,0.01,0.0,0.0,0.0,0,2.0,0.02,PAPER_FILL,0.0,0.0,0.0,0.0,,HEDGE_UP,2.3
SES-1776805059,btc-updown-5m-1776819300,2026-04-22 00:56:26.629859+00:00,2026-04-22 00:56:26.629935+00:00,2026-04-22 00:56:26.629946+00:00,DOWN,0.4,76235.0,-57.22000000000117,15.0,NORM,42814.8500800222,8694.46582800391,0.0,-0.5,0.4,True,0.0,0.4,0.0,0.0,0.0,0,2.0,0.8,PAPER_FILL,0.0,0.0,0.0,0.0,,HEDGE_DOWN,2.3
SES-1776805059,btc-updown-5m-1776819300,2026-04-22 00:56:29.643789+00:00,2026-04-22 00:56:29.643811+00:00,2026-04-22 00:56:29.643817+00:00,UP,0.38,76240.5,-51.72000000000117,15.0,NORM,35660.35055002221,8737.91573150391,0.0,0.0,0.38,True,0.0,0.38,0.0,0.0,0.0,0,2.0,0.76,PAPER_FILL,0.0,0.0,0.0,0.0,,HEDGE_UP,2.3
SES-1776805059,btc-updown-5m-1776819600,2026-04-22 01:01:00.511655+00:00,2026-04-22 01:01:00.511735+00:00,2026-04-22 01:01:00.511750+00:00,UP,0.01,76288.5,-94.856257499996,15.0,NORM,1356642.7700800218,88447.1035890039,0.0,0.0,0.01,True,0.0,0.01,0.0,0.0,0.0,0,2.0,0.02,PAPER_FILL,0.0,0.0,0.0,0.0,,HEDGE_UP,2.3
SES-1776805059,btc-updown-5m-1776819600,2026-04-22 01:01:51.200044+00:00,2026-04-22 01:01:51.200067+00:00,2026-04-22 01:01:51.200072+00:00,DOWN,0.01,76325.5,-64.91873886999383,15.0,NORM,1320242.175670022,69031.62611750391,0.0,0.0,0.01,True,0.0,0.01,0.0,0.0,0.0,0,2.0,0.02,PAPER_FILL,0.0,0.0,0.0,0.0,,HEDGE_DOWN,2.3
SES-1776805059,btc-updown-5m-1776819900,2026-04-22 01:06:01.415029+00:00,2026-04-22 01:06:01.415080+00:00,2026-04-22 01:06:01.415087+00:00,DOWN,0.39,76337.5,-28.02999999999884,15.0,NORM,-16529.511359980646,5451.440442004056,0.0,-2.5,0.39,True,0.0,0.39,0.0,0.0,0.0,0,2.0,0.78,PAPER_FILL,0.0,0.0,0.0,0.0,,HEDGE_DOWN,2.3
SES-1776805059,btc-updown-5m-1776819900,2026-04-22 01:06:25.517386+00:00,2026-04-22 01:06:25.517405+00:00,2026-04-22 01:06:25.517412+00:00,UP,0.38,76319.5,-55.14748527000484,15.0,NORM,-382700.4704399804,23648.04543100404,0.0,3.0,0.38,True,0.0,0.38,0.0,0.0,0.0,0,2.0,0.76,PAPER_FILL,0.0,0.0,0.0,0.0,,HEDGE_UP,2.3
SES-1776805059,btc-updown-5m-1776820200,2026-04-22 01:11:00.516756+00:00,2026-04-22 01:11:00.516863+00:00,2026-04-22 01:11:00.516884+00:00,UP,0.01,76296.5,-73.66000000000349,15.0,NORM,27907.80081001977,4816.533414504099,0.0,0.0,0.01,True,0.0,0.01,0.0,0.0,0.0,0,2.0,0.02,PAPER_FILL,0.0,0.0,0.0,0.0,,HEDGE_UP,2.3
SES-1776805059,btc-updown-5m-1776820500,2026-04-22 01:16:00.268297+00:00,2026-04-22 01:16:00.268441+00:00,2026-04-22 01:16:00.268469+00:00,UP,0.29,76321.5,-66.99000000000524,15.0,NORM,-611530.0220399818,45309.21774900396,0.0,0.0,0.29,True,0.0,0.29,0.0,0.0,0.0,0,2.0,0.58,PAPER_FILL,0.0,0.0,0.0,0.0,,HEDGE_UP,2.3
SES-1776805059,btc-updown-5m-1776820500,2026-04-22 01:16:04.485053+00:00,2026-04-22 01:16:04.485119+00:00,2026-04-22 01:16:04.485127+00:00,DOWN,0.27,76311.5,-76.99000000000524,15.0,NORM,-612910.3072399818,45378.17235700396,0.0,-5.0,0.27,True,0.0,0.27,0.0,0.0,0.0,0,2.0,0.54,PAPER_FILL,0.0,0.0,0.0,0.0,,HEDGE_DOWN,2.3
SES-1776805059,btc-updown-5m-1776820800,2026-04-22 01:21:00.033226+00:00,2026-04-22 01:21:00.033318+00:00,2026-04-22 01:21:00.033339+00:00,UP,0.01,76168.0,-30.05999999999767,15.0,NORM,763475.7053900134,105239.4248745041,0.0,0.5,0.01,True,0.0,0.01,0.0,0.0,0.0,0,2.0,0.02,PAPER_FILL,0.0,0.0,0.0,0.0,,HEDGE_UP,2.3
SES-1776805059,btc-updown-5m-1776820800,2026-04-22 01:21:07.876181+00:00,2026-04-22 01:21:07.876219+00:00,2026-04-22 01:21:07.876232+00:00,DOWN,0.01,76174.5,-23.55999999999767,15.0,NORM,755254.7389600134,104593.02779400408,0.0,0.0,0.01,True,0.0,0.01,0.0,0.0,0.0,0,2.0,0.02,PAPER_FILL,0.0,0.0,0.0,0.0,,HEDGE_DOWN,2.3
SES-1776805059,btc-updown-5m-1776821100,2026-04-22 01:26:18.422229+00:00,2026-04-22 01:26:18.422305+00:00,2026-04-22 01:26:18.422318+00:00,DOWN,0.39,76146.5,-70.5399999999936,15.0,NORM,56363.67640002393,17944.998776003016,0.0,10.5,0.39,True,0.0,0.39,0.0,0.0,0.0,0,2.0,0.78,PAPER_FILL,0.0,0.0,0.0,0.0,,HEDGE_DOWN,2.3
SES-1776805059,btc-updown-5m-1776821100,2026-04-22 01:26:37.086837+00:00,2026-04-22 01:26:37.086870+00:00,2026-04-22 01:26:37.086876+00:00,UP,0.38,76147.5,-46.96832180999627,15.0,NORM,-82552.56818997614,19036.695782503022,0.0,0.0,0.38,True,0.0,0.38,0.0,0.0,0.0,0,2.0,0.76,PAPER_FILL,0.0,0.0,0.0,0.0,,HEDGE_UP,2.3
SES-1776805059,btc-updown-5m-1776821400,2026-04-22 01:31:00.525189+00:00,2026-04-22 01:31:00.525239+00:00,2026-04-22 01:31:00.525250+00:00,UP,0.01,76130.0,-49.36100000000442,15.0,NORM,163223.91821002454,14263.636394503046,0.0,0.5,0.01,True,0.0,0.01,0.0,0.0,0.0,0,2.0,0.02,PAPER_FILL,0.0,0.0,0.0,0.0,,HEDGE_UP,2.3
SES-1776805059,btc-updown-5m-1776821700,2026-04-22 01:36:00.251502+00:00,2026-04-22 01:36:00.251580+00:00,2026-04-22 01:36:00.251587+00:00,UP,0.36,76166.0,-29.419999999998254,15.0,NORM,-649773.9356099769,45210.50722850314,0.0,0.0,0.36,True,0.0,0.36,0.0,0.0,0.0,0,2.0,0.72,PAPER_FILL,0.0,0.0,0.0,0.0,,HEDGE_UP,2.3
SES-1776805059,btc-updown-5m-1776821700,2026-04-22 01:36:00.854755+00:00,2026-04-22 01:36:00.854776+00:00,2026-04-22 01:36:00.854782+00:00,DOWN,0.35,76167.0,-28.419999999998254,15.0,NORM,-647836.9908699769,45443.92010350314,0.0,0.5,0.35,True,0.0,0.35,0.0,0.0,0.0,0,2.0,0.7,PAPER_FILL,0.0,0.0,0.0,0.0,,HEDGE_DOWN,2.3
SES-1776805059,btc-updown-5m-1776822000,2026-04-22 01:41:00.496023+00:00,2026-04-22 01:41:00.496180+00:00,2026-04-22 01:41:00.496189+00:00,DOWN,0.001,76223.0,-56.12237264000578,15.0,NORM,-6242.7713499765305,3747.129062503104,0.0,0.0,0.001,True,0.0,0.001,0.0,0.0,0.0,0,2.0,0.002,PAPER_FILL,0.0,0.0,0.0,0.0,,HEDGE_DOWN,2.3
SES-1776805059,btc-updown-5m-1776822000,2026-04-22 01:41:01.100796+00:00,2026-04-22 01:41:01.100819+00:00,2026-04-22 01:41:01.100824+00:00,UP,0.001,76222.5,-56.62237264000578,15.0,NORM,-6242.82105997653,3747.126577003104,0.0,0.0,0.001,True,0.0,0.001,0.0,0.0,0.0,0,2.0,0.002,PAPER_FILL,0.0,0.0,0.0,0.0,,HEDGE_UP,2.3
SES-1776805059,btc-updown-5m-1776822300,2026-04-22 01:46:00.230969+00:00,2026-04-22 01:46:00.231052+00:00,2026-04-22 01:46:00.231060+00:00,UP,0.39,76220.5,-63.45799999999872,15.0,NORM,-701744.9728699761,44400.68970250307,0.0,0.0,0.39,True,0.0,0.39,0.0,0.0,0.0,0,2.0,0.78,PAPER_FILL,0.0,0.0,0.0,0.0,,HEDGE_UP,2.3
SES-1776805059,btc-updown-5m-1776822300,2026-04-22 01:46:00.834626+00:00,2026-04-22 01:46:00.834668+00:00,2026-04-22 01:46:00.834689+00:00,DOWN,0.4,76229.5,-54.45799999999872,15.0,NORM,-701744.688159976,44400.70393800307,0.0,9.5,0.4,True,0.0,0.4,0.0,0.0,0.0,0,2.0,0.8,PAPER_FILL,0.0,0.0,0.0,0.0,,HEDGE_DOWN,2.3
SES-1776805059,btc-updown-5m-1776822600,2026-04-22 01:51:00.001905+00:00,2026-04-22 01:51:00.001943+00:00,2026-04-22 01:51:00.001947+00:00,UP,0.01,76256.5,-77.45877476999885,15.0,NORM,-240206.7002699781,71728.83238950318,0.0,0.5,0.01,True,0.0,0.01,0.0,0.0,0.0,0,2.0,0.02,PAPER_FILL,0.0,0.0,0.0,0.0,,HEDGE_UP,2.3
SES-1776805059,btc-updown-5m-1776822600,2026-04-22 01:51:28.923461+00:00,2026-04-22 01:51:28.923494+00:00,2026-04-22 01:51:28.923504+00:00,DOWN,0.0,76250.0,-53.83999999999651,15.0,NORM,-475817.8002899779,57570.14685250318,0.0,-0.5,0.0,True,0.0,0.0,0.0,0.0,0.0,0,2.0,0.0,PAPER_FILL,0.0,0.0,0.0,0.0,,HEDGE_DOWN,2.3
SES-1776805059,btc-updown-5m-1776822900,2026-04-22 01:56:00.385777+00:00,2026-04-22 01:56:00.385825+00:00,2026-04-22 01:56:00.385831+00:00,DOWN,0.32,76232.5,-36.16099999999278,15.0,NORM,-67036.70749998007,8240.622889003065,0.0,0.5,0.32,True,0.0,0.32,0.0,0.0,0.0,0,2.0,0.64,PAPER_FILL,0.0,0.0,0.0,0.0,,HEDGE_DOWN,2.3
SES-1776805059,btc-updown-5m-1776822900,2026-04-22 01:56:01.592593+00:00,2026-04-22 01:56:01.592618+00:00,2026-04-22 01:56:01.592628+00:00,UP,0.3,76235.5,-33.16099999999278,15.0,NORM,-67036.29299998007,8240.643614003066,0.0,-0.5,0.3,True,0.0,0.3,0.0,0.0,0.0,0,2.0,0.6,PAPER_FILL,0.0,0.0,0.0,0.0,,HEDGE_UP,2.3
SES-1776805059,btc-updown-5m-1776823200,2026-04-22 02:01:00.042608+00:00,2026-04-22 02:01:00.042663+00:00,2026-04-22 02:01:00.042670+00:00,UP,0.01,76272.0,-51.09788610000396,15.0,NORM,-42881.39743998012,14202.34246000306,0.0,-0.5,0.01,True,0.0,0.01,0.0,0.0,0.0,0,2.0,0.02,PAPER_FILL,0.0,0.0,0.0,0.0,,HEDGE_UP,2.3
SES-1776805059,btc-updown-5m-1776823500,2026-04-22 02:06:00.368253+00:00,2026-04-22 02:06:00.368350+00:00,2026-04-22 02:06:00.368365+00:00,UP,0.4,76233.5,-48.338000000003376,15.0,NORM,-77652.38708999261,10099.76819850304,0.0,0.0,0.4,True,0.0,0.4,0.0,0.0,0.0,0,2.0,0.8,PAPER_FILL,0.0,0.0,0.0,0.0,,HEDGE_UP,2.3
SES-1776805059,btc-updown-5m-1776823500,2026-04-22 02:06:10.008079+00:00,2026-04-22 02:06:10.008097+00:00,2026-04-22 02:06:10.008103+00:00,DOWN,0.4,76244.5,-37.338000000003376,15.0,NORM,-40849.502539992594,8210.695589003042,0.0,-0.5,0.4,True,0.0,0.4,0.0,0.0,0.0,0,2.0,0.8,PAPER_FILL,0.0,0.0,0.0,0.0,,HEDGE_DOWN,2.3
SES-1776805059,btc-updown-5m-1776823800,2026-04-22 02:11:00.084928+00:00,2026-04-22 02:11:00.085006+00:00,2026-04-22 02:11:00.085015+00:00,UP,0.01,76525.0,47.20987000000605,15.0,NORM,8005535.209469977,591652.395398502,0.0,0.5,0.01,True,0.0,0.01,0.0,0.0,0.0,0,2.0,0.02,PAPER_FILL,0.0,0.0,0.0,0.0,,HEDGE_UP,2.3
SES-1776805059,btc-updown-5m-1776823800,2026-04-22 02:11:02.495493+00:00,2026-04-22 02:11:02.495516+00:00,2026-04-22 02:11:02.495522+00:00,DOWN,0.01,76540.0,62.20987000000605,15.0,NORM,7966276.370589974,605228.3008225019,0.0,15.5,0.01,True,0.0,0.01,0.0,0.0,0.0,0,2.0,0.02,PAPER_FILL,0.0,0.0,0.0,0.0,,HEDGE_DOWN,2.3
SES-1776805059,btc-updown-5m-1776824100,2026-04-22 02:16:00.385227+00:00,2026-04-22 02:16:00.385279+00:00,2026-04-22 02:16:00.385287+00:00,DOWN,0.24,76771.0,-54.320000000006985,15.0,NORM,-44144.20380997786,304515.3891195015,0.0,0.0,0.24,True,0.0,0.24,0.0,0.0,0.0,0,2.0,0.48,PAPER_FILL,0.0,0.0,0.0,0.0,,HEDGE_DOWN,2.3
SES-1776805059,btc-updown-5m-1776824100,2026-04-22 02:16:00.987648+00:00,2026-04-22 02:16:00.987665+00:00,2026-04-22 02:16:00.987669+00:00,UP,0.22,76770.5,-54.820000000006985,15.0,NORM,-44142.96119997786,304515.4512500016,0.0,2.0,0.22,True,0.0,0.22,0.0,0.0,0.0,0,2.0,0.44,PAPER_FILL,0.0,0.0,0.0,0.0,,HEDGE_UP,2.3
SES-1776805059,btc-updown-5m-1776824400,2026-04-22 02:21:00.033532+00:00,2026-04-22 02:21:00.033596+00:00,2026-04-22 02:21:00.033604+00:00,UP,0.001,76889.5,-78.05000000000291,10.0,HIGH,-1328610.249569819,142247.2027625165,0.0,-18.5,0.001,True,0.0,0.001,0.0,0.0,0.0,0,2.0,0.002,PAPER_FILL,0.0,0.0,0.0,0.0,,HEDGE_UP,2.3
SES-1776805059,btc-updown-5m-1776824700,2026-04-22 02:26:00.299176+00:00,2026-04-22 02:26:00.299277+00:00,2026-04-22 02:26:00.299298+00:00,UP,0.23,77047.5,-77.49899999999616,10.0,HIGH,881509.1348901781,62844.15035551662,0.0,0.0,0.23,True,0.0,0.23,0.0,0.0,0.0,0,2.0,0.46,PAPER_FILL,0.0,0.0,0.0,0.0,,HEDGE_UP,2.3
SES-1776805059,btc-updown-5m-1776824700,2026-04-22 02:26:02.728505+00:00,2026-04-22 02:26:02.728543+00:00,2026-04-22 02:26:02.728585+00:00,DOWN,0.21,77061.0,-63.99899999999616,10.0,HIGH,897010.7191701779,63680.83827951663,0.0,0.0,0.21,True,0.0,0.21,0.0,0.0,0.0,0,2.0,0.42,PAPER_FILL,0.0,0.0,0.0,0.0,,HEDGE_DOWN,2.3
SES-1776805059,btc-updown-5m-1776825000,2026-04-22 02:31:00.520854+00:00,2026-04-22 02:31:00.520951+00:00,2026-04-22 02:31:00.520960+00:00,UP,0.001,77214.0,-126.35980999999448,10.0,HIGH,-3027073.698949834,911039.6071965138,0.0,-0.5,0.001,True,0.0,0.001,0.0,0.0,0.0,0,2.0,0.002,PAPER_FILL,0.0,0.0,0.0,0.0,,HEDGE_UP,2.3
SES-1776805059,btc-updown-5m-1776825000,2026-04-22 02:32:27.303436+00:00,2026-04-22 02:32:27.303474+00:00,2026-04-22 02:32:27.303485+00:00,DOWN,0.001,77064.5,-58.75,10.0,HIGH,-3065271.966279814,296530.1367400146,0.0,1.5,0.001,True,0.0,0.001,0.0,0.0,0.0,0,2.0,0.002,PAPER_FILL,0.0,0.0,0.0,0.0,,HEDGE_DOWN,2.3
SES-1776805059,btc-updown-5m-1776825300,2026-04-22 02:36:00.185973+00:00,2026-04-22 02:36:00.186044+00:00,2026-04-22 02:36:00.186052+00:00,DOWN,0.3,77152.0,-48.02733549999539,10.0,HIGH,1656192.6284601914,115852.92931001484,0.0,-0.5,0.3,True,0.0,0.3,0.0,0.0,0.0,0,2.0,0.6,PAPER_FILL,0.0,0.0,0.0,0.0,,HEDGE_DOWN,2.3
SES-1776805059,btc-updown-5m-1776825300,2026-04-22 02:36:00.788492+00:00,2026-04-22 02:36:00.788511+00:00,2026-04-22 02:36:00.788517+00:00,UP,0.3,77152.5,-47.52733549999539,10.0,HIGH,1688522.1857401915,114230.89988601486,0.0,0.0,0.3,True,0.0,0.3,0.0,0.0,0.0,0,2.0,0.6,PAPER_FILL,0.0,0.0,0.0,0.0,,HEDGE_UP,2.3
SES-1776805059,btc-updown-5m-1776825600,2026-04-22 02:41:00.464671+00:00,2026-04-22 02:41:00.464825+00:00,2026-04-22 02:41:00.464845+00:00,UP,0.01,77113.0,-59.9600000000064,10.0,HIGH,2894280.948140189,164120.09087701497,0.0,0.5,0.01,True,0.0,0.01,0.0,0.0,0.0,0,2.0,0.02,PAPER_FILL,0.0,0.0,0.0,0.0,,HEDGE_UP,2.3
SES-1776805059,btc-updown-5m-1776825600,2026-04-22 02:41:02.875122+00:00,2026-04-22 02:41:02.875147+00:00,2026-04-22 02:41:02.875152+00:00,DOWN,0.01,77122.0,-50.9600000000064,10.0,HIGH,2895724.37366019,163968.89315501502,0.0,7.0,0.01,True,0.0,0.01,0.0,0.0,0.0,0,2.0,0.02,PAPER_FILL,0.0,0.0,0.0,0.0,,HEDGE_DOWN,2.3
SES-1776805059,btc-updown-5m-1776825900,2026-04-22 02:46:00.181706+00:00,2026-04-22 02:46:00.181763+00:00,2026-04-22 02:46:00.181768+00:00,DOWN,0.4,77172.5,-67.88000000000466,10.0,HIGH,-2451009.584419811,137851.39409301532,0.0,-0.5,0.4,True,0.0,0.4,0.0,0.0,0.0,0,2.0,0.8,PAPER_FILL,0.0,0.0,0.0,0.0,,HEDGE_DOWN,2.3
SES-1776805059,btc-updown-5m-1776825900,2026-04-22 02:46:00.784195+00:00,2026-04-22 02:46:00.784224+00:00,2026-04-22 02:46:00.784232+00:00,UP,0.37,77172.5,-67.88000000000466,10.0,HIGH,-2450747.873029812,137838.30852351533,0.0,0.0,0.37,True,0.0,0.37,0.0,0.0,0.0,0,2.0,0.74,PAPER_FILL,0.0,0.0,0.0,0.0,,HEDGE_UP,2.3
SES-1776805059,btc-updown-5m-1776826200,2026-04-22 02:51:00.358583+00:00,2026-04-22 02:51:00.358658+00:00,2026-04-22 02:51:00.358682+00:00,UP,0.01,77190.5,-59.5,10.0,HIGH,1596671.91959019,102719.03167851514,0.0,0.0,0.01,True,0.0,0.01,0.0,0.0,0.0,0,2.0,0.02,PAPER_FILL,0.0,0.0,0.0,0.0,,HEDGE_UP,2.3
SES-1776805059,btc-updown-5m-1776826500,2026-04-22 02:56:00.702932+00:00,2026-04-22 02:56:00.702984+00:00,2026-04-22 02:56:00.702991+00:00,UP,0.22,77386.5,-89.27902164999978,10.0,HIGH,210393.1307301788,111175.98482151463,0.0,-3.0,0.22,True,0.0,0.22,0.0,0.0,0.0,0,2.0,0.44,PAPER_FILL,0.0,0.0,0.0,0.0,,HEDGE_UP,2.3
SES-1776805059,btc-updown-5m-1776826500,2026-04-22 02:56:02.509468+00:00,2026-04-22 02:56:02.509496+00:00,2026-04-22 02:56:02.509504+00:00,DOWN,0.22,77386.0,-89.77902164999978,10.0,HIGH,233953.1092701788,110311.73106751466,0.0,0.0,0.22,True,0.0,0.22,0.0,0.0,0.0,0,2.0,0.44,PAPER_FILL,0.0,0.0,0.0,0.0,,HEDGE_DOWN,2.3
SES-1776805059,btc-updown-5m-1776826800,2026-04-22 03:01:00.309653+00:00,2026-04-22 03:01:00.309720+00:00,2026-04-22 03:01:00.309735+00:00,UP,0.01,77491.5,-26.31850999999733,10.0,HIGH,-3037295.207779853,570873.0444970144,0.0,1.5,0.01,True,0.0,0.01,0.0,0.0,0.0,0,2.0,0.02,PAPER_FILL,0.0,0.0,0.0,0.0,,HEDGE_UP,2.3
SES-1776805059,btc-updown-5m-1776826800,2026-04-22 03:01:04.526266+00:00,2026-04-22 03:01:04.526300+00:00,2026-04-22 03:01:04.526314+00:00,DOWN,0.0,77478.5,-39.31850999999733,10.0,HIGH,-4303215.515359853,606032.2545810144,0.0,0.5,0.0,True,0.0,0.0,0.0,0.0,0.0,0,2.0,0.0,PAPER_FILL,0.0,0.0,0.0,0.0,,HEDGE_DOWN,2.3
SES-1776805059,btc-updown-5m-1776827100,2026-04-22 03:06:21.003954+00:00,2026-04-22 03:06:21.004039+00:00,2026-04-22 03:06:21.004056+00:00,UP,0.4,77582.5,-46.486919999995735,10.0,HIGH,-480162.80682985054,193623.57380951336,0.0,0.5,0.4,True,0.0,0.4,0.0,0.0,0.0,0,2.0,0.8,PAPER_FILL,0.0,0.0,0.0,0.0,,HEDGE_UP,2.3
SES-1776805059,btc-updown-5m-1776827100,2026-04-22 03:06:30.035705+00:00,2026-04-22 03:06:30.035730+00:00,2026-04-22 03:06:30.035737+00:00,DOWN,0.34,77634.0,5.0130800000042655,10.0,HIGH,-1324101.6706998502,137724.36191801337,0.0,0.5,0.34,True,0.0,0.34,0.0,0.0,0.0,0,2.0,0.68,PAPER_FILL,0.0,0.0,0.0,0.0,,HEDGE_DOWN,2.3
SES-1776805059,btc-updown-5m-1776827400,2026-04-22 03:11:00.207988+00:00,2026-04-22 03:11:00.208059+00:00,2026-04-22 03:11:00.208068+00:00,UP,0.01,77554.0,-52.57818903999578,10.0,HIGH,-292105.9270498611,92768.90420351338,0.0,0.0,0.01,True,0.0,0.01,0.0,0.0,0.0,0,2.0,0.02,PAPER_FILL,0.0,0.0,0.0,0.0,,HEDGE_UP,2.3
SES-1776805059,btc-updown-5m-1776827400,2026-04-22 03:11:28.535526+00:00,2026-04-22 03:11:28.535561+00:00,2026-04-22 03:11:28.535576+00:00,DOWN,0.01,77588.5,-18.078189039995777,10.0,HIGH,334502.4543101387,72068.48668051341,0.0,-0.5,0.01,True,0.0,0.01,0.0,0.0,0.0,0,2.0,0.02,PAPER_FILL,0.0,0.0,0.0,0.0,,HEDGE_DOWN,2.3
SES-1776805059,btc-updown-5m-1776827700,2026-04-22 03:16:00.544507+00:00,2026-04-22 03:16:00.544571+00:00,2026-04-22 03:16:00.544589+00:00,UP,0.28,77504.5,-110.43600000000151,10.0,HIGH,-847334.0121598622,71751.95593801366,0.0,-1.5,0.28,True,0.0,0.28,0.0,0.0,0.0,0,2.0,0.56,PAPER_FILL,0.0,0.0,0.0,0.0,,HEDGE_UP,2.3
SES-1776805059,btc-updown-5m-1776827700,2026-04-22 03:16:04.156441+00:00,2026-04-22 03:16:04.156469+00:00,2026-04-22 03:16:04.156477+00:00,DOWN,0.28,77504.5,-110.43600000000151,10.0,HIGH,-413761.10101986193,47888.76252501368,0.0,-0.5,0.28,True,0.0,0.28,0.0,0.0,0.0,0,2.0,0.56,PAPER_FILL,0.0,0.0,0.0,0.0,,HEDGE_DOWN,2.3
SES-1776805059,btc-updown-5m-1776828000,2026-04-22 03:21:00.246746+00:00,2026-04-22 03:21:00.246786+00:00,2026-04-22 03:21:00.246794+00:00,UP,0.001,77395.5,-78.69641591999971,10.0,HIGH,1181261.305080143,114505.45202401436,0.0,0.0,0.001,True,0.0,0.001,0.0,0.0,0.0,0,2.0,0.002,PAPER_FILL,0.0,0.0,0.0,0.0,,HEDGE_UP,2.3
SES-1776805059,btc-updown-5m-1776828300,2026-04-22 03:26:00.116786+00:00,2026-04-22 03:26:00.116911+00:00,2026-04-22 03:26:00.116921+00:00,UP,0.31,77487.5,-76.37900000000081,10.0,HIGH,1796909.8432701388,113492.8025235144,0.0,0.0,0.31,True,0.0,0.31,0.0,0.0,0.0,0,2.0,0.62,PAPER_FILL,0.0,0.0,0.0,0.0,,HEDGE_UP,2.3
SES-1776805059,btc-updown-5m-1776828300,2026-04-22 03:26:03.731514+00:00,2026-04-22 03:26:03.731544+00:00,2026-04-22 03:26:03.731577+00:00,DOWN,0.22,77520.0,-43.879000000000815,10.0,HIGH,1353917.122560139,92699.1544530144,0.0,20.0,0.22,True,0.0,0.22,0.0,0.0,0.0,0,2.0,0.44,PAPER_FILL,0.0,0.0,0.0,0.0,,HEDGE_DOWN,2.3
SES-1776805059,btc-updown-5m-1776828600,2026-04-22 03:31:00.246774+00:00,2026-04-22 03:31:00.246850+00:00,2026-04-22 03:31:00.246862+00:00,UP,0.01,77405.5,-49.138000000006286,10.0,HIGH,-1521029.177379859,89736.23916501444,0.0,0.5,0.01,True,0.0,0.01,0.0,0.0,0.0,0,2.0,0.02,PAPER_FILL,0.0,0.0,0.0,0.0,,HEDGE_UP,2.3
SES-1776805059,btc-updown-5m-1776828900,2026-04-22 03:36:04.810496+00:00,2026-04-22 03:36:04.810595+00:00,2026-04-22 03:36:04.810604+00:00,DOWN,0.36,77404.5,-44.99171647999901,10.0,HIGH,-245277.545379862,30432.180789014576,0.0,0.0,0.36,True,0.0,0.36,0.0,0.0,0.0,0,2.0,0.72,PAPER_FILL,0.0,0.0,0.0,0.0,,HEDGE_DOWN,2.3
SES-1776805059,btc-updown-5m-1776828900,2026-04-22 03:36:09.629113+00:00,2026-04-22 03:36:09.629145+00:00,2026-04-22 03:36:09.629153+00:00,UP,0.37,77404.5,-44.99171647999901,10.0,HIGH,2795138.6282401374,179543.6396940146,0.0,0.5,0.37,True,0.0,0.37,0.0,0.0,0.0,0,2.0,0.74,PAPER_FILL,0.0,0.0,0.0,0.0,,HEDGE_UP,2.3
SES-1776805059,btc-updown-5m-1776829200,2026-04-22 03:41:00.274890+00:00,2026-04-22 03:41:00.274945+00:00,2026-04-22 03:41:00.274954+00:00,UP,0.01,77402.0,-48.93111999999383,10.0,HIGH,675871.568100141,71029.25574001465,0.0,2.0,0.01,True,0.0,0.01,0.0,0.0,0.0,0,2.0,0.02,PAPER_FILL,0.0,0.0,0.0,0.0,,HEDGE_UP,2.3
SES-1776805059,btc-updown-5m-1776829500,2026-04-22 03:46:00.539285+00:00,2026-04-22 03:46:00.539405+00:00,2026-04-22 03:46:00.539420+00:00,DOWN,0.38,77514.5,-87.83358500000031,10.0,HIGH,504924.034580144,53142.75706601472,0.0,0.5,0.38,True,0.0,0.38,0.0,0.0,0.0,0,2.0,0.76,PAPER_FILL,0.0,0.0,0.0,0.0,,HEDGE_DOWN,2.3
SES-1776805059,btc-updown-5m-1776829500,2026-04-22 03:46:02.363297+00:00,2026-04-22 03:46:02.363310+00:00,2026-04-22 03:46:02.363315+00:00,UP,0.39,77514.5,-87.83358500000031,10.0,HIGH,504059.512210144,53104.64687151471,0.0,0.0,0.39,True,0.0,0.39,0.0,0.0,0.0,0,2.0,0.78,PAPER_FILL,0.0,0.0,0.0,0.0,,HEDGE_UP,2.3
SES-1776805059,btc-updown-5m-1776829800,2026-04-22 03:51:00.194369+00:00,2026-04-22 03:51:00.194576+00:00,2026-04-22 03:51:00.194597+00:00,DOWN,0.01,77546.0,-36.37421379999432,15.0,NORM,3689838.6896601417,202800.96080701504,0.0,-0.5,0.01,True,0.0,0.01,0.0,0.0,0.0,0,2.0,0.02,PAPER_FILL,0.0,0.0,0.0,0.0,,HEDGE_DOWN,2.3
SES-1776805059,btc-updown-5m-1776829800,2026-04-22 03:51:03.841751+00:00,2026-04-22 03:51:03.841793+00:00,2026-04-22 03:51:03.841802+00:00,UP,0.01,77547.0,-35.37421379999432,15.0,NORM,3818054.182030141,207585.59039051505,0.0,0.5,0.01,True,0.0,0.01,0.0,0.0,0.0,0,2.0,0.02,PAPER_FILL,0.0,0.0,0.0,0.0,,HEDGE_UP,2.3
SES-1776805059,btc-updown-5m-1776830100,2026-04-22 03:56:02.661900+00:00,2026-04-22 03:56:02.661961+00:00,2026-04-22 03:56:02.661968+00:00,UP,0.35,77529.0,-47.55899999999383,15.0,NORM,220296.48026014204,48750.32527701484,0.0,2.5,0.35,True,0.0,0.35,0.0,0.0,0.0,0,2.0,0.7,PAPER_FILL,0.0,0.0,0.0,0.0,,HEDGE_UP,2.3
SES-1776805059,btc-updown-5m-1776830100,2026-04-22 03:56:05.671132+00:00,2026-04-22 03:56:05.671162+00:00,2026-04-22 03:56:05.671170+00:00,DOWN,0.36,77537.5,-39.05899999999383,15.0,NORM,192287.62354014203,47192.59642401483,0.0,7.5,0.36,True,0.0,0.36,0.0,0.0,0.0,0,2.0,0.72,PAPER_FILL,0.0,0.0,0.0,0.0,,HEDGE_DOWN,2.3
SES-1776805059,btc-updown-5m-1776830400,2026-04-22 04:01:00.264028+00:00,2026-04-22 04:01:00.264143+00:00,2026-04-22 04:01:00.264163+00:00,DOWN,0.01,77526.5,-37.59377167999628,15.0,NORM,553549.6252001422,65593.43402101482,0.0,11.5,0.01,True,0.0,0.01,0.0,0.0,0.0,0,2.0,0.02,PAPER_FILL,0.0,0.0,0.0,0.0,,HEDGE_DOWN,2.3
SES-1776805059,btc-updown-5m-1776830400,2026-04-22 04:01:06.287940+00:00,2026-04-22 04:01:06.287975+00:00,2026-04-22 04:01:06.287989+00:00,UP,0.01,77527.0,-37.09377167999628,15.0,NORM,515426.4263901422,61398.2565115148,0.0,1.0,0.01,True,0.0,0.01,0.0,0.0,0.0,0,2.0,0.02,PAPER_FILL,0.0,0.0,0.0,0.0,,HEDGE_UP,2.3
SES-1776805059,btc-updown-5m-1776830700,2026-04-22 04:06:02.741097+00:00,2026-04-22 04:06:02.741194+00:00,2026-04-22 04:06:02.741206+00:00,UP,0.39,77554.0,-65.97724403000029,15.0,NORM,603623.0029401355,40587.24922501491,0.0,-11.5,0.39,True,0.0,0.39,0.0,0.0,0.0,0,2.0,0.78,PAPER_FILL,0.0,0.0,0.0,0.0,,HEDGE_UP,2.3
SES-1776805059,btc-updown-5m-1776830700,2026-04-22 04:06:03.947102+00:00,2026-04-22 04:06:03.947131+00:00,2026-04-22 04:06:03.947144+00:00,DOWN,0.4,77545.5,-74.47724403000029,15.0,NORM,603097.2781201355,41070.71489201491,0.0,-15.0,0.4,True,0.0,0.4,0.0,0.0,0.0,0,2.0,0.8,PAPER_FILL,0.0,0.0,0.0,0.0,,HEDGE_DOWN,2.3
SES-1776805059,btc-updown-5m-1776831000,2026-04-22 04:11:00.529565+00:00,2026-04-22 04:11:00.529629+00:00,2026-04-22 04:11:00.529638+00:00,DOWN,0.01,77575.5,-46.92308067000704,15.0,NORM,-294512.5776798643,70913.49738301492,0.0,0.0,0.01,True,0.0,0.01,0.0,0.0,0.0,0,2.0,0.02,PAPER_FILL,0.0,0.0,0.0,0.0,,HEDGE_DOWN,2.3
SES-1776805059,btc-updown-5m-1776831000,2026-04-22 04:11:12.659821+00:00,2026-04-22 04:11:12.659833+00:00,2026-04-22 04:11:12.659835+00:00,UP,0.01,77584.0,-38.42308067000704,15.0,NORM,1413899.583630136,74317.04005151497,0.0,-5.5,0.01,True,0.0,0.01,0.0,0.0,0.0,0,2.0,0.02,PAPER_FILL,0.0,0.0,0.0,0.0,,HEDGE_UP,2.3
SES-1776805059,btc-updown-5m-1776831300,2026-04-22 04:16:00.429921+00:00,2026-04-22 04:16:00.430043+00:00,2026-04-22 04:16:00.430052+00:00,UP,0.36,77425.5,-54.5,15.0,NORM,-1292073.022329865,118652.14765751488,0.0,6.5,0.36,True,0.0,0.36,0.0,0.0,0.0,0,2.0,0.72,PAPER_FILL,0.0,0.0,0.0,0.0,,HEDGE_UP,2.3
SES-1776805059,btc-updown-5m-1776831300,2026-04-22 04:16:13.150384+00:00,2026-04-22 04:16:13.150412+00:00,2026-04-22 04:16:13.150416+00:00,DOWN,0.4,77432.5,-47.5,15.0,NORM,-1420305.165179866,127865.05598301486,0.0,0.0,0.4,True,0.0,0.4,0.0,0.0,0.0,0,2.0,0.8,PAPER_FILL,0.0,0.0,0.0,0.0,,HEDGE_DOWN,2.3
SES-1776805059,btc-updown-5m-1776831600,2026-04-22 04:21:00.157772+00:00,2026-04-22 04:21:00.157848+00:00,2026-04-22 04:21:00.157861+00:00,DOWN,0.01,77337.5,-92.5,15.0,NORM,-8429292.733559845,481503.22815401416,0.0,-1.0,0.01,True,0.0,0.01,0.0,0.0,0.0,0,2.0,0.02,PAPER_FILL,0.0,0.0,0.0,0.0,,HEDGE_DOWN,2.3
SES-1776805059,btc-updown-5m-1776831600,2026-04-22 04:21:21.908110+00:00,2026-04-22 04:21:21.908130+00:00,2026-04-22 04:21:21.908134+00:00,UP,0.01,77358.5,-71.5,15.0,NORM,-757327.9320998446,79602.19474001383,0.0,-0.5,0.01,True,0.0,0.01,0.0,0.0,0.0,0,2.0,0.02,PAPER_FILL,0.0,0.0,0.0,0.0,,HEDGE_UP,2.3
SES-1776805059,btc-updown-5m-1776831900,2026-04-22 04:26:00.595787+00:00,2026-04-22 04:26:00.595870+00:00,2026-04-22 04:26:00.595882+00:00,DOWN,0.34,77407.5,-49.84799999999814,15.0,NORM,-83540.34682984679,32679.793636513816,0.0,0.0,0.34,True,0.0,0.34,0.0,0.0,0.0,0,2.0,0.68,PAPER_FILL,0.0,0.0,0.0,0.0,,HEDGE_DOWN,2.3
SES-1776805059,btc-updown-5m-1776831900,2026-04-22 04:26:01.801826+00:00,2026-04-22 04:26:01.801870+00:00,2026-04-22 04:26:01.801888+00:00,UP,0.36,77407.5,-49.84799999999814,15.0,NORM,-135243.90674984682,21447.13584751382,0.0,0.0,0.36,True,0.0,0.36,0.0,0.0,0.0,0,2.0,0.72,PAPER_FILL,0.0,0.0,0.0,0.0,,HEDGE_UP,2.3
SES-1776805059,btc-updown-5m-1776832200,2026-04-22 04:31:00.270907+00:00,2026-04-22 04:31:00.270968+00:00,2026-04-22 04:31:00.270976+00:00,UP,0.01,77466.0,-62.0575300000055,15.0,NORM,1068521.0268801523,61267.52846201375,0.0,-4.0,0.01,True,0.0,0.01,0.0,0.0,0.0,0,2.0,0.02,PAPER_FILL,0.0,0.0,0.0,0.0,,HEDGE_UP,2.3
SES-1776805059,btc-updown-5m-1776832500,2026-04-22 04:36:19.478434+00:00,2026-04-22 04:36:19.478502+00:00,2026-04-22 04:36:19.478508+00:00,UP,0.39,77474.0,-45.63999999999942,15.0,NORM,-520914.40498984937,32955.66934651388,0.0,1.5,0.39,True,0.0,0.39,0.0,0.0,0.0,0,2.0,0.78,PAPER_FILL,0.0,0.0,0.0,0.0,,HEDGE_UP,2.3
SES-1776805059,btc-updown-5m-1776832500,2026-04-22 04:36:20.684442+00:00,2026-04-22 04:36:20.684478+00:00,2026-04-22 04:36:20.684490+00:00,DOWN,0.39,77480.5,-39.13999999999942,15.0,NORM,-520607.71437984926,32944.053695013885,0.0,3.5,0.39,True,0.0,0.39,0.0,0.0,0.0,0,2.0,0.78,PAPER_FILL,0.0,0.0,0.0,0.0,,HEDGE_DOWN,2.3
SES-1776805059,btc-updown-5m-1776832800,2026-04-22 04:41:00.557738+00:00,2026-04-22 04:41:00.557839+00:00,2026-04-22 04:41:00.557852+00:00,UP,0.01,77649.5,-59.25125229000696,15.0,NORM,1316348.068150177,358642.57425451494,0.0,-10.0,0.01,True,0.0,0.01,0.0,0.0,0.0,0,2.0,0.02,PAPER_FILL,0.0,0.0,0.0,0.0,,HEDGE_UP,2.3
SES-1776805059,btc-updown-5m-1776832800,2026-04-22 04:41:02.366985+00:00,2026-04-22 04:41:02.367008+00:00,2026-04-22 04:41:02.367013+00:00,DOWN,0.01,77650.0,-58.75125229000696,15.0,NORM,1229787.4427901772,356362.76830851496,0.0,0.0,0.01,True,0.0,0.01,0.0,0.0,0.0,0,2.0,0.02,PAPER_FILL,0.0,0.0,0.0,0.0,,HEDGE_DOWN,2.3
SES-1776805059,btc-updown-5m-1776833100,2026-04-22 04:46:35.262599+00:00,2026-04-22 04:46:35.262706+00:00,2026-04-22 04:46:35.262722+00:00,UP,0.38,77507.0,-61.50500000000466,15.0,NORM,538283.9847101807,60902.16939951456,0.0,-0.5,0.38,True,0.0,0.38,0.0,0.0,0.0,0,2.0,0.76,PAPER_FILL,0.0,0.0,0.0,0.0,,HEDGE_UP,2.3
SES-1776805059,btc-updown-5m-1776833100,2026-04-22 04:46:37.675342+00:00,2026-04-22 04:46:37.675456+00:00,2026-04-22 04:46:37.675470+00:00,DOWN,0.39,77507.5,-61.00500000000466,15.0,NORM,449537.7079301805,56496.95345851458,0.0,0.0,0.39,True,0.0,0.39,0.0,0.0,0.0,0,2.0,0.78,PAPER_FILL,0.0,0.0,0.0,0.0,,HEDGE_DOWN,2.3
SES-1776805059,btc-updown-5m-1776833400,2026-04-22 04:51:00.156798+00:00,2026-04-22 04:51:00.156862+00:00,2026-04-22 04:51:00.156873+00:00,UP,0.01,77474.0,-59.08000000000175,15.0,NORM,-775580.7428998315,51704.88752601488,0.0,-0.5,0.01,True,0.0,0.01,0.0,0.0,0.0,0,2.0,0.02,PAPER_FILL,0.0,0.0,0.0,0.0,,HEDGE_UP,2.3
SES-1776805059,btc-updown-5m-1776833400,2026-04-22 04:51:14.076796+00:00,2026-04-22 04:51:14.076860+00:00,2026-04-22 04:51:14.076869+00:00,DOWN,0.01,77475.5,-57.58000000000175,15.0,NORM,-170704.51360983177,25533.76922851488,0.0,0.0,0.01,True,0.0,0.01,0.0,0.0,0.0,0,2.0,0.02,PAPER_FILL,0.0,0.0,0.0,0.0,,HEDGE_DOWN,2.3
SES-1776805059,btc-updown-5m-1776833700,2026-04-22 04:57:06.366203+00:00,2026-04-22 04:57:06.366249+00:00,2026-04-22 04:57:06.366254+00:00,UP,0.38,77416.5,-59.64999999999418,15.0,NORM,-265320.4647798301,31348.877597014794,0.0,-3.0,0.38,True,0.0,0.38,0.0,0.0,0.0,0,2.0,0.76,PAPER_FILL,0.0,0.0,0.0,0.0,,HEDGE_UP,2.3
SES-1776805059,btc-updown-5m-1776833700,2026-04-22 04:57:45.102654+00:00,2026-04-22 04:57:45.102750+00:00,2026-04-22 04:57:45.102770+00:00,DOWN,0.4,77433.5,-56.296000000002095,15.0,NORM,-139117.30741982968,34471.19312801475,0.0,0.5,0.4,True,0.0,0.4,0.0,0.0,0.0,0,2.0,0.8,PAPER_FILL,0.0,0.0,0.0,0.0,,HEDGE_DOWN,2.3
SES-1776805059,btc-updown-5m-1776834000,2026-04-22 05:01:00.062406+00:00,2026-04-22 05:01:00.062449+00:00,2026-04-22 05:01:00.062455+00:00,DOWN,0.01,77447.5,-58.32575000000361,15.0,NORM,-314455.61483983084,22786.64050201469,0.0,0.5,0.01,True,0.0,0.01,0.0,0.0,0.0,0,2.0,0.02,PAPER_FILL,0.0,0.0,0.0,0.0,,HEDGE_DOWN,2.3
SES-1776805059,btc-updown-5m-1776834000,2026-04-22 05:01:11.565958+00:00,2026-04-22 05:01:11.566002+00:00,2026-04-22 05:01:11.566022+00:00,UP,0.01,77437.5,-68.32575000000361,15.0,NORM,-309347.1538498311,23453.23382651469,0.0,-0.5,0.01,True,0.0,0.01,0.0,0.0,0.0,0,2.0,0.02,PAPER_FILL,0.0,0.0,0.0,0.0,,HEDGE_UP,2.3
SES-1776805059,btc-updown-5m-1776834300,2026-04-22 05:06:04.612625+00:00,2026-04-22 05:06:04.612699+00:00,2026-04-22 05:06:04.612708+00:00,DOWN,0.4,77431.5,-72.9129918099934,15.0,NORM,20727.345370168958,8490.612417514707,0.0,0.0,0.4,True,0.0,0.4,0.0,0.0,0.0,0,2.0,0.8,PAPER_FILL,0.0,0.0,0.0,0.0,,HEDGE_DOWN,2.3
SES-1776805059,btc-updown-5m-1776834300,2026-04-22 05:06:07.050032+00:00,2026-04-22 05:06:07.050070+00:00,2026-04-22 05:06:07.050083+00:00,UP,0.39,77431.5,-72.9129918099934,15.0,NORM,20211.69530016895,8515.993875014708,0.0,0.0,0.39,True,0.0,0.39,0.0,0.0,0.0,0,2.0,0.78,PAPER_FILL,0.0,0.0,0.0,0.0,,HEDGE_UP,2.3
SES-1776805059,btc-updown-5m-1776834600,2026-04-22 05:11:00.497554+00:00,2026-04-22 05:11:00.497604+00:00,2026-04-22 05:11:00.497612+00:00,DOWN,0.01,77499.0,-53.79700000000594,15.0,NORM,-275969.96037983114,28014.29599801475,0.0,0.0,0.01,True,0.0,0.01,0.0,0.0,0.0,0,2.0,0.02,PAPER_FILL,0.0,0.0,0.0,0.0,,HEDGE_DOWN,2.3
SES-1776805059,btc-updown-5m-1776834600,2026-04-22 05:11:02.943172+00:00,2026-04-22 05:11:02.943246+00:00,2026-04-22 05:11:02.943268+00:00,UP,0.01,77498.5,-54.29700000000594,15.0,NORM,-170968.77309983104,22768.414590014745,0.0,0.0,0.01,True,0.0,0.01,0.0,0.0,0.0,0,2.0,0.02,PAPER_FILL,0.0,0.0,0.0,0.0,,HEDGE_UP,2.3
SES-1776805059,btc-updown-5m-1776834900,2026-04-22 05:16:00.813854+00:00,2026-04-22 05:16:00.813907+00:00,2026-04-22 05:16:00.813913+00:00,UP,0.35,77485.5,-69.35042000000249,15.0,NORM,17678.838660168534,44989.2791600147,0.0,-0.5,0.35,True,0.0,0.35,0.0,0.0,0.0,0,2.0,0.7,PAPER_FILL,0.0,0.0,0.0,0.0,,HEDGE_UP,2.3
SES-1776805059,btc-updown-5m-1776834900,2026-04-22 05:16:02.048356+00:00,2026-04-22 05:16:02.048378+00:00,2026-04-22 05:16:02.048384+00:00,DOWN,0.34,77485.0,-68.7100000000064,15.0,NORM,-13962.059729831464,47112.48630351472,0.0,-1.0,0.34,True,0.0,0.34,0.0,0.0,0.0,0,2.0,0.68,PAPER_FILL,0.0,0.0,0.0,0.0,,HEDGE_DOWN,2.3
SES-1776805059,btc-updown-5m-1776835200,2026-04-22 05:21:00.309446+00:00,2026-04-22 05:21:00.309518+00:00,2026-04-22 05:21:00.309526+00:00,UP,0.001,77871.5,-74.10783148999326,15.0,NORM,-323637.28890980023,132795.52167851743,0.0,0.5,0.001,True,0.0,0.001,0.0,0.0,0.0,0,2.0,0.002,PAPER_FILL,0.0,0.0,0.0,0.0,,HEDGE_UP,2.3
SES-1776805059,btc-updown-5m-1776835500,2026-04-22 05:26:00.857563+00:00,2026-04-22 05:26:00.857614+00:00,2026-04-22 05:26:00.857622+00:00,UP,0.23,78314.5,-32.229999999995925,10.0,HIGH,-1453778.8890697442,735792.7716325171,0.0,5.0,0.23,True,0.0,0.23,0.0,0.0,0.0,0,2.0,0.46,PAPER_FILL,0.0,0.0,0.0,0.0,,HEDGE_UP,2.3
SES-1776805059,btc-updown-5m-1776835500,2026-04-22 05:26:03.287942+00:00,2026-04-22 05:26:03.288027+00:00,2026-04-22 05:26:03.288042+00:00,DOWN,0.2,78315.0,-31.729999999995925,10.0,HIGH,-2301203.241749742,793417.1457775173,0.0,5.0,0.2,True,0.0,0.2,0.0,0.0,0.0,0,2.0,0.4,PAPER_FILL,0.0,0.0,0.0,0.0,,HEDGE_DOWN,2.3
SES-1776805059,btc-updown-5m-1776835800,2026-04-22 05:31:00.483580+00:00,2026-04-22 05:31:00.483640+00:00,2026-04-22 05:31:00.483649+00:00,UP,0.01,78197.0,-128.69500000000698,10.0,HIGH,2860390.516560284,203127.2520230177,0.0,-8.5,0.01,True,0.0,0.01,0.0,0.0,0.0,0,2.0,0.02,PAPER_FILL,0.0,0.0,0.0,0.0,,HEDGE_UP,2.3
SES-1776805059,btc-updown-5m-1776835800,2026-04-22 05:31:14.418721+00:00,2026-04-22 05:31:14.418749+00:00,2026-04-22 05:31:14.418756+00:00,DOWN,0.01,78195.0,-130.69500000000698,10.0,HIGH,2150459.2871102868,226702.53187951783,0.0,0.0,0.01,True,0.0,0.01,0.0,0.0,0.0,0,2.0,0.02,PAPER_FILL,0.0,0.0,0.0,0.0,,HEDGE_DOWN,2.3
SES-1776805059,btc-updown-5m-1776836100,2026-04-22 05:36:01.196212+00:00,2026-04-22 05:36:01.196256+00:00,2026-04-22 05:36:01.196263+00:00,UP,0.33,78189.5,-49.39800000000105,10.0,HIGH,-872591.449559708,79973.78449201776,0.0,3.5,0.33,True,0.0,0.33,0.0,0.0,0.0,0,2.0,0.66,PAPER_FILL,0.0,0.0,0.0,0.0,,HEDGE_UP,2.3
SES-1776805059,btc-updown-5m-1776836100,2026-04-22 05:36:01.822410+00:00,2026-04-22 05:36:01.822435+00:00,2026-04-22 05:36:01.822444+00:00,DOWN,0.34,78189.5,-49.39800000000105,10.0,HIGH,-1028184.584309708,79939.42172551778,0.0,0.0,0.34,True,0.0,0.34,0.0,0.0,0.0,0,2.0,0.68,PAPER_FILL,0.0,0.0,0.0,0.0,,HEDGE_DOWN,2.3
SES-1776805059,btc-updown-5m-1776836400,2026-04-22 05:41:00.452031+00:00,2026-04-22 05:41:00.452121+00:00,2026-04-22 05:41:00.452132+00:00,UP,0.01,78179.0,37.17200000000594,10.0,HIGH,9220908.402180323,686589.6438480198,0.0,7.0,0.01,True,0.0,0.01,0.0,0.0,0.0,0,2.0,0.02,PAPER_FILL,0.0,0.0,0.0,0.0,,HEDGE_UP,2.3
SES-1776805059,btc-updown-5m-1776836400,2026-04-22 05:41:09.509285+00:00,2026-04-22 05:41:09.509316+00:00,2026-04-22 05:41:09.509330+00:00,DOWN,0.01,78238.0,9.585999999995693,10.0,HIGH,11211834.011450326,640794.0276235199,0.0,59.0,0.01,True,0.0,0.01,0.0,0.0,0.0,0,2.0,0.02,PAPER_FILL,0.0,0.0,0.0,0.0,,HEDGE_DOWN,2.3
SES-1776805059,btc-updown-5m-1776836700,2026-04-22 05:46:04.265748+00:00,2026-04-22 05:46:04.265791+00:00,2026-04-22 05:46:04.265796+00:00,UP,0.37,78057.0,-52.27999999999884,10.0,HIGH,-593269.6841396607,39281.32814801938,0.0,-6.5,0.37,True,0.0,0.37,0.0,0.0,0.0,0,2.0,0.74,PAPER_FILL,0.0,0.0,0.0,0.0,,HEDGE_UP,2.3
SES-1776805059,btc-updown-5m-1776836700,2026-04-22 05:46:06.675737+00:00,2026-04-22 05:46:06.675776+00:00,2026-04-22 05:46:06.675812+00:00,DOWN,0.37,78051.0,-58.27999999999884,10.0,HIGH,-617802.3802496603,40832.42471051937,0.0,-6.5,0.37,True,0.0,0.37,0.0,0.0,0.0,0,2.0,0.74,PAPER_FILL,0.0,0.0,0.0,0.0,,HEDGE_DOWN,2.3
SES-1776805059,btc-updown-5m-1776837000,2026-04-22 05:51:00.263265+00:00,2026-04-22 05:51:00.263353+00:00,2026-04-22 05:51:00.263362+00:00,UP,0.01,78004.0,-47.79571000000578,10.0,HIGH,-871736.1436196544,50718.091265019,0.0,1.0,0.01,True,0.0,0.01,0.0,0.0,0.0,0,2.0,0.02,PAPER_FILL,0.0,0.0,0.0,0.0,,HEDGE_UP,2.3
SES-1776805059,btc-updown-5m-1776837300,2026-04-22 05:56:00.173309+00:00,2026-04-22 05:56:00.173346+00:00,2026-04-22 05:56:00.173351+00:00,DOWN,0.22,78107.5,-96.09161730000052,10.0,HIGH,-943804.3278296476,234689.54542851856,0.0,-0.5,0.22,True,0.0,0.22,0.0,0.0,0.0,0,2.0,0.44,PAPER_FILL,0.0,0.0,0.0,0.0,,HEDGE_DOWN,2.3
SES-1776805059,btc-updown-5m-1776837300,2026-04-22 05:56:01.979855+00:00,2026-04-22 05:56:01.979881+00:00,2026-04-22 05:56:01.979886+00:00,UP,0.21,78098.0,-105.59161730000052,10.0,HIGH,-967998.9711696483,233791.19064351867,0.0,-11.0,0.21,True,0.0,0.21,0.0,0.0,0.0,0,2.0,0.42,PAPER_FILL,0.0,0.0,0.0,0.0,,HEDGE_UP,2.3
SES-1776805059,btc-updown-5m-1776837600,2026-04-22 06:01:00.221640+00:00,2026-04-22 06:01:00.221716+00:00,2026-04-22 06:01:00.221731+00:00,UP,0.01,77923.5,-76.34661197999958,10.0,HIGH,766083.441440349,80040.76896601872,0.0,5.5,0.01,True,0.0,0.01,0.0,0.0,0.0,0,2.0,0.02,PAPER_FILL,0.0,0.0,0.0,0.0,,HEDGE_UP,2.3
SES-1776805059,btc-updown-5m-1776837900,2026-04-22 06:07:18.936268+00:00,2026-04-22 06:07:18.936317+00:00,2026-04-22 06:07:18.936322+00:00,UP,0.36,77895.5,-47.50128029999905,10.0,HIGH,-193177.81395965896,17430.104525019364,0.0,0.0,0.36,True,0.0,0.36,0.0,0.0,0.0,0,2.0,0.72,PAPER_FILL,0.0,0.0,0.0,0.0,,HEDGE_UP,2.3
SES-1776805059,btc-updown-5m-1776837900,2026-04-22 06:07:20.140263+00:00,2026-04-22 06:07:20.140294+00:00,2026-04-22 06:07:20.140309+00:00,DOWN,0.4,77896.0,-47.00128029999905,10.0,HIGH,-194202.61293965895,17378.719883019363,0.0,0.0,0.4,True,0.0,0.4,0.0,0.0,0.0,0,2.0,0.8,PAPER_FILL,0.0,0.0,0.0,0.0,,HEDGE_DOWN,2.3
SES-1776805059,btc-updown-5m-1776838200,2026-04-22 06:11:00.070394+00:00,2026-04-22 06:11:00.070435+00:00,2026-04-22 06:11:00.070440+00:00,UP,0.01,77880.0,-49.87200000000303,10.0,HIGH,2775603.820880349,176541.61777201958,0.0,-0.5,0.01,True,0.0,0.01,0.0,0.0,0.0,0,2.0,0.02,PAPER_FILL,0.0,0.0,0.0,0.0,,HEDGE_UP,2.3
SES-1776805059,btc-updown-5m-1776838200,2026-04-22 06:11:09.166614+00:00,2026-04-22 06:11:09.166639+00:00,2026-04-22 06:11:09.166645+00:00,DOWN,0.01,77884.5,-45.37200000000303,10.0,HIGH,2801232.57012035,173760.6824540196,0.0,1.0,0.01,True,0.0,0.01,0.0,0.0,0.0,0,2.0,0.02,PAPER_FILL,0.0,0.0,0.0,0.0,,HEDGE_DOWN,2.3
SES-1776805059,btc-updown-5m-1776838500,2026-04-22 06:16:00.461661+00:00,2026-04-22 06:16:00.461750+00:00,2026-04-22 06:16:00.461764+00:00,UP,0.21,77940.0,-28.762210000000778,10.0,HIGH,-380608.5951896606,32734.859556519463,0.0,0.0,0.21,True,0.0,0.21,0.0,0.0,0.0,0,2.0,0.42,PAPER_FILL,0.0,0.0,0.0,0.0,,HEDGE_UP,2.3
SES-1776805059,btc-updown-5m-1776838500,2026-04-22 06:16:01.065687+00:00,2026-04-22 06:16:01.065710+00:00,2026-04-22 06:16:01.065714+00:00,DOWN,0.23,77940.0,-28.762210000000778,10.0,HIGH,-381148.5190096606,32725.55574551946,0.0,0.0,0.23,True,0.0,0.23,0.0,0.0,0.0,0,2.0,0.46,PAPER_FILL,0.0,0.0,0.0,0.0,,HEDGE_DOWN,2.3
SES-1776805059,btc-updown-5m-1776838800,2026-04-22 06:21:00.458732+00:00,2026-04-22 06:21:00.458776+00:00,2026-04-22 06:21:00.458782+00:00,UP,0.01,77977.5,-49.46499999999651,10.0,HIGH,784917.3164203395,52994.72313401952,0.0,-0.5,0.01,True,0.0,0.01,0.0,0.0,0.0,0,2.0,0.02,PAPER_FILL,0.0,0.0,0.0,0.0,,HEDGE_UP,2.3
SES-1776805059,btc-updown-5m-1776839100,2026-04-22 06:26:00.101624+00:00,2026-04-22 06:26:00.101748+00:00,2026-04-22 06:26:00.101763+00:00,UP,0.33,77925.5,-61.99515180000162,10.0,HIGH,129101.10783033496,19246.91356951955,0.0,-4.5,0.33,True,0.0,0.33,0.0,0.0,0.0,0,2.0,0.66,PAPER_FILL,0.0,0.0,0.0,0.0,,HEDGE_UP,2.3
SES-1776805059,btc-updown-5m-1776839100,2026-04-22 06:26:04.954179+00:00,2026-04-22 06:26:04.954208+00:00,2026-04-22 06:26:04.954216+00:00,DOWN,0.35,77925.5,-61.99515180000162,10.0,HIGH,134805.77582033494,19198.35542201955,0.0,0.5,0.35,True,0.0,0.35,0.0,0.0,0.0,0,2.0,0.7,PAPER_FILL,0.0,0.0,0.0,0.0,,HEDGE_DOWN,2.3
SES-1776805059,btc-updown-5m-1776839400,2026-04-22 06:31:00.191308+00:00,2026-04-22 06:31:00.191353+00:00,2026-04-22 06:31:00.191358+00:00,UP,0.01,77941.0,-50.790371490002144,15.0,NORM,732652.2753703351,68651.72895851957,0.0,0.0,0.01,True,0.0,0.01,0.0,0.0,0.0,0,2.0,0.02,PAPER_FILL,0.0,0.0,0.0,0.0,,HEDGE_UP,2.3
SES-1776805059,btc-updown-5m-1776839400,2026-04-22 06:31:09.271544+00:00,2026-04-22 06:31:09.271564+00:00,2026-04-22 06:31:09.271571+00:00,DOWN,0.01,77952.0,-39.790371490002144,15.0,NORM,911436.3540103354,67011.41170451959,0.0,0.5,0.01,True,0.0,0.01,0.0,0.0,0.0,0,2.0,0.02,PAPER_FILL,0.0,0.0,0.0,0.0,,HEDGE_DOWN,2.3
SES-1776805059,btc-updown-5m-1776839700,2026-04-22 06:36:30.368947+00:00,2026-04-22 06:36:30.369020+00:00,2026-04-22 06:36:30.369026+00:00,UP,0.4,77885.5,-59.77999999999884,15.0,NORM,556854.390640335,45165.429197019526,0.0,0.0,0.4,True,0.0,0.4,0.0,0.0,0.0,0,2.0,0.8,PAPER_FILL,0.0,0.0,0.0,0.0,,HEDGE_UP,2.3
SES-1776805059,btc-updown-5m-1776839700,2026-04-22 06:36:31.572556+00:00,2026-04-22 06:36:31.572579+00:00,2026-04-22 06:36:31.572585+00:00,DOWN,0.4,77881.0,-64.27999999999884,15.0,NORM,555784.260480335,45255.30846701952,0.0,-1.0,0.4,True,0.0,0.4,0.0,0.0,0.0,0,2.0,0.8,PAPER_FILL,0.0,0.0,0.0,0.0,,HEDGE_DOWN,2.3
SES-1776805059,btc-updown-5m-1776840000,2026-04-22 06:41:00.382093+00:00,2026-04-22 06:41:00.382147+00:00,2026-04-22 06:41:00.382157+00:00,DOWN,0.01,77898.5,-90.67936857999302,15.0,NORM,-1365487.7290396667,110643.5335950196,0.0,0.0,0.01,True,0.0,0.01,0.0,0.0,0.0,0,2.0,0.02,PAPER_FILL,0.0,0.0,0.0,0.0,,HEDGE_DOWN,2.3
SES-1776805059,btc-updown-5m-1776840000,2026-04-22 06:41:02.793852+00:00,2026-04-22 06:41:02.793879+00:00,2026-04-22 06:41:02.793883+00:00,UP,0.01,77898.5,-90.67936857999302,15.0,NORM,-1365487.7290396667,110643.5335950196,0.0,0.0,0.01,True,0.0,0.01,0.0,0.0,0.0,0,2.0,0.02,PAPER_FILL,0.0,0.0,0.0,0.0,,HEDGE_UP,2.3
